{"schemaVersion":"1.0","appDefinitionTemplate":{"id":"/providers/Microsoft.PowerApps/apps/","type":"Microsoft.PowerApps/apps","tags":{"primaryDeviceWidth":"1366","primaryDeviceHeight":"768","supportsPortrait":"true","supportsLandscape":"true","primaryFormFactor":"Tablet","showStatusBar":"false","publisherVersion":"3.24091.13","minimumRequiredApiVersion":"2.2.0","hasComponent":"false","hasUnlockedComponent":"false","isUnifiedRootApp":"false","sienaVersion":"20240916T232010Z-3.24091.13.0"},"properties":{"appVersion":"2024-09-16T23:20:10Z","lifeCycleId":"Published","createdByClientVersion":{"major":3,"minor":24091,"build":13,"revision":0,"majorRevision":0,"minorRevision":0},"minClientVersion":{"major":3,"minor":24091,"build":13,"revision":0,"majorRevision":0,"minorRevision":0},"backgroundColor":"RGBA(0,176,240,1)","backgroundImageUri":"/8232129385934112125/Nc38caecd-4170-4c72-a14c-04292abf9559-logoSmallFile","displayName":"Animatino demo - Spline","description":"","commitMessage":"","appUris":{"documentUri":{"value":"/8232129385934112125/N8b9470d1-de14-4dd7-88bf-8cd6afd53dc0-document.msapp"},"imageUris":[],"additionalUris":[{"isSolutionAware":false,"value":"/8232129385934112125/Ne5466bc6-2c3f-4605-93bb-93c9a8f12260-identity.json"}]},"createdTime":"0001-01-01T00:00:00Z","lastModifiedTime":"0001-01-01T00:00:00Z","sharedGroupsCount":0,"sharedUsersCount":0,"connectionReferences":{},"databaseReferences":{"default.cds":{"databaseDetails":{"referenceType":"Environmental","environmentName":"default.cds","overrideValues":{"status":"NotSpecified"}},"components":[{"componentName":"CustomControl","identifier":"nd_NghiemDoan.responsiveIframePCFControl","identifierType":"LogicalName"}]}},"almMode":"Environment","performanceOptimizationEnabled":false,"canConsumeAppPass":false,"enableModernRuntimeMode":false,"executionRestrictions":{"isTeamsOnly":false,"dataLossPreventionEvaluationResult":{"status":"Compliant","lastEvaluationDate":"2024-09-16T18:11:17.6517973Z","violations":[],"violationsByPolicy":[],"violationErrorMessage":"The app uses the following connectors: ."}}},"appType":"ClassicCanvasApp","appComponents":[]}}